Nombres;Apellidos;Emails
Anthony;Cruz;anthony.cruzsi@ug.edu.ec
Guillermo;Padilla;guillermo.padilla@ug.edu.ec
Jenniffer;Morán;jenniffer.moran@ug.edu.ec
Ericka;Palacios;ericka.palacios@ug.edu.ec
Veronica;Espinoza;veronica.espinoza@ug.edu.ec
Amy;Zurita;amy.zurita@ug.edu.ec
Yexica;Angulo;yexica.anguloa@ug.edu.ec
Genesis;Arreaga;genesis.arreaga@ug.edu.ec
